{"accuracy": [0.26836395263671875, 0.5025041699409485, 0.6072620749473572, 0.6716193556785583, 0.7120200395584106, 0.759682834148407, 0.7929048538208008, 0.8306344151496887, 0.849081814289093, 0.868948221206665, 0.8957428932189941, 0.9064273834228516, 0.9169449210166931, 0.9284641146659851, 0.942737877368927, 0.9397329092025757, 0.9522537589073181, 0.9543405771255493, 0.9584307074546814, 0.9675292372703552, 0.9725375771522522, 0.9697829484939575, 0.9748747944831848, 0.9726210236549377, 0.9778798222541809, 0.9796327352523804, 0.9771285653114319, 0.9785475730895996, 0.9787145256996155, 0.9833055138587952], "loss": [1.9833608865737915, 1.4085028171539307, 1.1295080184936523, 0.960111677646637, 0.8348629474639893, 0.7066609263420105, 0.6105538606643677, 0.5037763118743896, 0.44925644993782043, 0.37966540455818176, 0.3104507327079773, 0.27483728528022766, 0.2459523230791092, 0.20857781171798706, 0.17455711960792542, 0.18050318956375122, 0.1403181403875351, 0.1341945379972458, 0.12122862040996552, 0.09931129217147827, 0.08378168195486069, 0.09250825643539429, 0.0749855488538742, 0.08445973694324493, 0.06599608063697815, 0.06371127814054489, 0.07262688130140305, 0.06404601037502289, 0.0626666322350502, 0.052081141620874405], "val_accuracy": [0.4257095158100128, 0.606677770614624, 0.6614357233047485, 0.6844741106033325, 0.7352253794670105, 0.7519198656082153, 0.7565943002700806, 0.7689482569694519, 0.8186978101730347, 0.8507512807846069, 0.8534223437309265, 0.8684474229812622, 0.8707846403121948, 0.877128541469574, 0.8858096599578857, 0.9041736125946045, 0.8871452212333679, 0.8968280553817749, 0.9098497629165649, 0.9015024900436401, 0.8737896680831909, 0.9038397073745728, 0.9051752686500549, 0.8914858102798462, 0.9055091738700867, 0.9055091738700867, 0.8934891223907471, 0.9005008339881897, 0.917863130569458, 0.8961602449417114], "val_loss": [1.6347211599349976, 1.1693618297576904, 1.0085622072219849, 0.9434415698051453, 0.7827824950218201, 0.7377408742904663, 0.7183694839477539, 0.6907621622085571, 0.5412923097610474, 0.46470242738723755, 0.46345242857933044, 0.4258865416049957, 0.44103074073791504, 0.4105077087879181, 0.39759188890457153, 0.3499287962913513, 0.41068586707115173, 0.3571985960006714, 0.3238583207130432, 0.4114789366722107, 0.5005390048027039, 0.35745182633399963, 0.36083561182022095, 0.38114961981773376, 0.40811654925346375, 0.3608604967594147, 0.35447534918785095, 0.41521716117858887, 0.3205608129501343, 0.3931651711463928]}